t,count,max,mean,min,stddev,p50,p75,p95,p98,p99,p999,mean_rate,m1_rate,m5_rate,m15_rate,rate_unit,duration_unit
1631960780,1,473.052935,473.052935,473.052935,0.000000,473.052935,473.052935,473.052935,473.052935,473.052935,473.052935,0.016824,0.010542,0.003041,0.001078,calls/second,milliseconds
