t,count,max,mean,min,stddev,p50,p75,p95,p98,p99,p999,mean_rate,m1_rate,m5_rate,m15_rate,rate_unit,duration_unit
1631960780,2,515.340661,361.645417,216.900687,149.152863,216.900687,515.340661,515.340661,515.340661,515.340661,515.340661,0.033653,0.017134,0.005835,0.002126,calls/second,milliseconds
