t,count,max,mean,min,stddev,p50,p75,p95,p98,p99,p999,mean_rate,m1_rate,m5_rate,m15_rate,rate_unit,duration_unit
1631960780,2,0.104941,0.058963,0.015662,0.044619,0.015662,0.104941,0.104941,0.104941,0.104941,0.104941,0.033651,0.017134,0.005835,0.002126,calls/second,milliseconds
