t,count,max,mean,min,stddev,p50,p75,p95,p98,p99,p999,mean_rate,m1_rate,m5_rate,m15_rate,rate_unit,duration_unit
1631960780,2,596.291122,406.873167,228.486055,183.819808,228.486055,596.291122,596.291122,596.291122,596.291122,596.291122,0.033651,0.017134,0.005835,0.002126,calls/second,milliseconds
