t,count,max,mean,min,stddev,p50,p75,p95,p98,p99,p999,mean_rate,m1_rate,m5_rate,m15_rate,rate_unit,duration_unit
1631960780,1,0.017931,0.017931,0.017931,0.000000,0.017931,0.017931,0.017931,0.017931,0.017931,0.017931,0.016825,0.010542,0.003041,0.001078,calls/second,milliseconds
