t,count,max,mean,min,stddev,p50,p75,p95,p98,p99,p999,mean_rate,m1_rate,m5_rate,m15_rate,rate_unit,duration_unit
1631960780,3,634.000000,444.441735,230.000000,160.065049,474.000000,634.000000,634.000000,634.000000,634.000000,634.000000,0.050482,0.027676,0.008876,0.003203,calls/second,milliseconds
